<metadata>
  <title><![CDATA[ Piracy is Poggers]]></title>
  <threadUrl><![CDATA[https://subsetgames.com/forum/viewtopic.php?f=11&t=38203&p=129173#p129173]]></threadUrl>
  <author><![CDATA[ TerryIsOP ]]></author>
   <version><![CDATA[ 2.2.2 ]]></version>
  <description>
<![CDATA[

This addon focuses on pirates (who would've guessed).

The reputation system with pirates from base Multiverse has been largely expanded in PiP. Your choices in assisting or attacking pirates will dictate how friendly they are to you, as well as the special offers that they can provide.
Do not sleep on the special offers from pirates. Some are rumoured to be carrying an extensive stock of elite slaves, while others harbour an impressive collection of augments such as external Stealth Weapons. But they only present themselves to the eye of a trusted party. Sucker up to the pirates and you might be able to access their prized possessions...

Core Features:

-Large improvements to the pirate reputation system and additions to the loot pool which pirates can offer
-You can gain (or lose) reputation from all relevant events from the base Multiverse game
-Brand new pirate-themed events to weed out some generic filler events

2.2.0 Major Features:

-7 new pirate-themed events. Can be found in pirate sectors and The Black Market
-4 new augments
-You can obtain reroute coordinates to the Black Market if you gain 6 rep with a pirate faction
-Slight modifications to the Smuggler stores
-Some balance changes including buffs and nerfs


Special Thanks to:

Chrono Vortex - Coding assistance

Kommandant Julk - Coding assistance

]]>
  </description>
</metadata>
